insert into users(id, email ,name, comment,  passwd, regdate) values (1, 'counterchord89@gmail.com', '민경수', '만나서 반가워요', '{bcrypt}$2a$10$cSJx.TaMP5iKxX2a5omtrulHsNPSsVhtdx.lzS/RO2i24dQuKlOTC', now());
insert into users(id, email ,name, comment,  passwd, regdate) values (2, 'counterchord79@gmail.com', '김경수', '만나서 반가워요', '{bcrypt}$2a$10$cSJx.TaMP5iKxX2a5omtrulHsNPSsVhtdx.lzS/RO2i24dQuKlOTC', now());
insert into users(id, email ,name, comment,  passwd, regdate) values (3, 'counterchord69@gmail.com', '박경수', '만나서 반가워요', '{bcrypt}$2a$10$cSJx.TaMP5iKxX2a5omtrulHsNPSsVhtdx.lzS/RO2i24dQuKlOTC', now());
insert into users(id, email ,name, comment,  passwd, regdate) values (4, 'counterchord59@gmail.com', '이경수', '만나서 반가워요', '{bcrypt}$2a$10$cSJx.TaMP5iKxX2a5omtrulHsNPSsVhtdx.lzS/RO2i24dQuKlOTC', now());
insert into users(id, email ,name, comment,  passwd, regdate) values (5, 'counterchord49@gmail.com', '홍경수', '만나서 반가워요', '{bcrypt}$2a$10$cSJx.TaMP5iKxX2a5omtrulHsNPSsVhtdx.lzS/RO2i24dQuKlOTC', now());
insert into users(id, email ,name, comment,  passwd, regdate) values (6, 'counterchord39@gmail.com', '서경수', '만나서 반가워요', '{bcrypt}$2a$10$cSJx.TaMP5iKxX2a5omtrulHsNPSsVhtdx.lzS/RO2i24dQuKlOTC', now());
insert into users(id, email ,name, comment,  passwd, regdate) values (7, 'counterchord29@gmail.com', '최경수', '만나서 반가워요', '{bcrypt}$2a$10$cSJx.TaMP5iKxX2a5omtrulHsNPSsVhtdx.lzS/RO2i24dQuKlOTC', now());
insert into users(id, email ,name, comment,  passwd, regdate) values (8, 'counterchord19@gmail.com', '송경수', '만나서 반가워요', '{bcrypt}$2a$10$cSJx.TaMP5iKxX2a5omtrulHsNPSsVhtdx.lzS/RO2i24dQuKlOTC', now());
insert into users(id, email ,name, comment,  passwd, regdate) values (9, 'counterchord09@gmail.com', '조경수', '만나서 반가워요', '{bcrypt}$2a$10$cSJx.TaMP5iKxX2a5omtrulHsNPSsVhtdx.lzS/RO2i24dQuKlOTC', now());
insert into users(id, email ,name, comment,  passwd, regdate) values (10, 'counterchord99@gmail.com', '임경수', '만나서 반가워요', '{bcrypt}$2a$10$cSJx.TaMP5iKxX2a5omtrulHsNPSsVhtdx.lzS/RO2i24dQuKlOTC', now());
insert into users(id, email ,name, comment,  passwd, regdate) values (11, 'scw@gmail.com', '서청원', '열심히 읽을게요', '{bcrypt}$2a$10$9R74TwNxnEXENaT6q1cR9.hZaxi2t.HbE4DMvD5j3GX.HMC/l6ZUC', now());
insert into users(id, email ,name, comment,  passwd, regdate) values (12, 'kdy2353@gmail.com', '감대용', '화이또123456', '{bcrypt}$2a$10$trqJaanvbygn.4th5D4ow.yXsz9/K.Q6ok9ewj3lxAyfqFvF0Yfw2', now());

insert into books(id, isbn ,title, author,  translator, thumbnail_image, publisher) values (1, '9788968481475', '이것이 자바다', '신용권','-', 'http://www.hanbit.co.kr/data/books/B1460673937_l.jpg', '한빛미디어');
insert into books(id, isbn ,title, author,  translator, thumbnail_image, publisher) values (2, '9788968481476', '이것도 자바다', '신용만','-', 'http://www.hanbit.co.kr/data/books/B1460673937_l.jpg', '두빛미디어');
insert into books(id, isbn ,title, author,  translator, thumbnail_image, publisher) values (3, '9788968481477', '이것은 자바다', '신용훈','-', 'http://www.hanbit.co.kr/data/books/B1460673937_l.jpg', '세빛미디어');
insert into books(id, isbn ,title, author,  translator, thumbnail_image, publisher) values (4, '9788968481478', '이것만이 자바다', '신용수','-', 'http://www.hanbit.co.kr/data/books/B1460673937_l.jpg', '네빛미디어');
insert into books(id, isbn ,title, author,  translator, thumbnail_image, publisher) values (5, '9788968481479', '이것까지 자바다', '신용민','-', 'http://www.hanbit.co.kr/data/books/B1460673937_l.jpg', '오빛미디어');
insert into books(id, isbn ,title, author,  translator, thumbnail_image, publisher) values (6, '9788932027265', '사람, 장소, 환대', '김현경','-', 'http://www.hanbit.co.kr/data/books/B1460673937_l.jpg', '문학과지성사');
insert into books(id, isbn ,title, author,  translator, thumbnail_image, publisher) values (7, '9788932027266', '사람, 장소, 환대1', '김현경','-', 'http://www.hanbit.co.kr/data/books/B1460673937_l.jpg', '문학과지성사');
insert into books(id, isbn ,title, author,  translator, thumbnail_image, publisher) values (8, '9788932027267', '사람, 장소, 환대2', '김현경','-', 'http://www.hanbit.co.kr/data/books/B1460673937_l.jpg', '문학과지성사');
insert into books(id, isbn ,title, author,  translator, thumbnail_image, publisher) values (9, '9788932027268', '사람, 장소, 환대3', '김현경','-', 'http://www.hanbit.co.kr/data/books/B1460673937_l.jpg', '문학과지성사');
insert into books(id, isbn ,title, author,  translator, thumbnail_image, publisher) values (10, '9788932027269', '사람, 장소, 환대4', '김현경','-', 'http://www.hanbit.co.kr/data/books/B1460673937_l.jpg', '문학과지성사');
insert into books(id, isbn ,title, author,  translator, thumbnail_image, publisher) values (11, '9788932027270', '사람, 장소, 환대5', '김현경','-', 'http://www.hanbit.co.kr/data/books/B1460673937_l.jpg', '문학과지성사');

insert into roles(id, name) values(1, 'ADMIN');
insert into roles(id, name) values(2, 'USER');

insert into user_roles(user_id, role_id) values (1, 1);
insert into user_roles(user_id, role_id) values (1, 2);
insert into user_roles(user_id, role_id) values (2, 2);
insert into user_roles(user_id, role_id) values (3, 2);
insert into user_roles(user_id, role_id) values (4, 2);
insert into user_roles(user_id, role_id) values (5, 2);
insert into user_roles(user_id, role_id) values (6, 2);
insert into user_roles(user_id, role_id) values (7, 2);
insert into user_roles(user_id, role_id) values (8, 2);
insert into user_roles(user_id, role_id) values (9, 2);
insert into user_roles(user_id, role_id) values (10, 2);
insert into user_roles(user_id, role_id) values (11, 2);
insert into user_roles(user_id, role_id) values (12, 1);
insert into user_roles(user_id, role_id) values (12, 2);

insert into challenges(id, start_date, end_date, days, visibility, book_status, user_id, book_id, books_title, thumbnail_image) values(1, '2019-03-25 23:59:59', '2019-04-23 23:59:59',30, 1,  '읽는중', 1, 1, '이것이 자바다', 'http://www.hanbit.co.kr/data/books/B1460673937_l.jpg');
insert into challenges(id, start_date, end_date, days, visibility, book_status, user_id, book_id, books_title) values(2, '2019-03-26 23:59:59', '2019-04-24 23:59:59',30, 1,  '읽는중', 2, 2, '이것도 자바다');
insert into challenges(id, start_date, end_date, days, visibility, book_status, user_id, book_id, books_title) values(3, '2019-03-27 23:59:59', '2019-04-25 23:59:59',30, 0,  '읽는중', 3, 3, '이것은 자바다');
insert into challenges(id, start_date, end_date, days, visibility, book_status, user_id, book_id, books_title) values(4, '2019-03-28 23:59:59', '2019-04-26 23:59:59',30, 1,  '읽는중', 4, 4,'이것만이 자바다');
insert into challenges(id, start_date, end_date, days, visibility, book_status, user_id, book_id, books_title) values(5, '2019-03-29 23:59:59', '2019-04-27 23:59:59',30, 1,  '읽는중', 5, 5, '이것까지 자바다');
insert into challenges(id, start_date, end_date, days, visibility, book_status, user_id, book_id, books_title, thumbnail_image) values(6, '2019-03-29 23:59:59', '2019-04-27 23:59:59',30, 0,    '완료', 1, 4, '이것만이 자바다', 'http://www.hanbit.co.kr/data/books/B1460673937_l.jpg');
insert into challenges(id, start_date, end_date, days, visibility, book_status, user_id, book_id, books_title, thumbnail_image) values(7, '2019-03-29 23:59:59', '2019-04-27 23:59:59',30, 0,    '읽는중', 1, 4, '이것만이 자바다', 'http://www.hanbit.co.kr/data/books/B1460673937_l.jpg');
insert into challenges(id, start_date, end_date, days, visibility, book_status, user_id, book_id, books_title, thumbnail_image) values(8, '2019-03-29 23:59:59', '2019-04-27 23:59:59',30, 0,    '완료', 1, 4, '이것만이 자바다', 'http://www.hanbit.co.kr/data/books/B1460673937_l.jpg');
insert into challenges(id, start_date, end_date, days, visibility, book_status, user_id, book_id, books_title, thumbnail_image) values(9, '2019-03-29 23:59:59', '2019-04-27 23:59:59',30, 0,    '읽는중', 1, 4, '이것만이 자바다', 'http://www.hanbit.co.kr/data/books/B1460673937_l.jpg');
insert into challenges(id, start_date, end_date, days, visibility, book_status, user_id, book_id, books_title, thumbnail_image) values(10, '2019-03-29 23:59:59', '2019-04-27 23:59:59',30, 0,    '완료', 1, 4, '이것만이 자바다', 'http://www.hanbit.co.kr/data/books/B1460673937_l.jpg');
insert into challenges(id, start_date, end_date, days, visibility, book_status, user_id, book_id, books_title, thumbnail_image) values(11, '2019-03-29 23:59:59', '2019-04-27 23:59:59',30, 0,    '읽는중', 1, 4, '이것만이 자바다', 'http://www.hanbit.co.kr/data/books/B1460673937_l.jpg');
insert into challenges(id, start_date, end_date, days, visibility, book_status, user_id, book_id, books_title, thumbnail_image) values(12, '2019-03-29 23:59:59', '2019-04-27 23:59:59',30, 0,    '완료', 1, 4, '이것만이 자바다', 'http://www.hanbit.co.kr/data/books/B1460673937_l.jpg');
insert into challenges(id, start_date, end_date, days, visibility, book_status, user_id, book_id, books_title, thumbnail_image) values(13, '2019-03-29 23:59:59', '2019-04-27 23:59:59',30, 0,    '완료', 1, 4, '이것만이 자바다', 'http://www.hanbit.co.kr/data/books/B1460673937_l.jpg');


insert into diaries(id, day, content,  challenge_id) values(1, 1, '자바 존나 어렵네',  1);
insert into diaries(id, day, content,  challenge_id) values(2, 1, '자바 겁나 어렵네',  1);
insert into diaries(id, day, content,  challenge_id) values(3, 1, '자바 지젼 어렵네',  3);
insert into diaries(id, day, content,  challenge_id) values(4, 1, '자바 어렵네',  4);
insert into diaries(id, day, content,  challenge_id) values(5, 1, '자바 존나 쉽네',  5);

insert into notices values(1,'이것이 자바냐',now(),'이것이 자바다',12);
insert into notices values(2,'이것이 자바니',now(),'이것이 자바다2',12);
insert into notices values(3,'이것이 자바군',now(),'이것이 자바다3',12);
insert into notices values(4,'이것이 자바세요',now(),'이것이 자바다4',12);
insert into notices values(5,'이것이 자바자바',now(),'이것이 자바다5',12);
insert into notices values(6,'이것이 자바라',now(),'이것이 자바다6',12);
insert into notices values(7,'이것이 자바뀽',now(),'이것이 자바다7',12);
insert into notices values(8,'이것이 자바네',now(),'이것이 자바다8',12);
insert into notices values(9,'이것이 자바지',now(),'이것이 자바다9',12);
insert into notices values(10,'이것이 자바라',now(),'이것이 자바다10',12);
insert into notices values(11,'이것이 자바뀽',now(),'이것이 자바다11',12);
insert into notices values(12,'이것이 자바네',now(),'이것이 자바다12',12);
insert into notices values(13,'이것이 자바지',now(),'이것이 자바다13',12);

insert into bookmark(id, users_id, books_id, book_title, isbn, thumbnail_image) values (1,1,2,'이것도 자바다', '9788968481476', 'http://www.hanbit.co.kr/data/books/B1460673937_l.jpg');
insert into bookmark(id, users_id, books_id, book_title, isbn, thumbnail_image) values (2,1,2,'이것도 자바다', '9788968481476', 'http://www.hanbit.co.kr/data/books/B1460673937_l.jpg');
insert into bookmark(id, users_id, books_id, book_title, isbn, thumbnail_image) values (3,2,2,'이것만이 자바다', '9788968481478', 'http://www.hanbit.co.kr/data/books/B1460673937_l.jpg');
insert into bookmark(id, users_id, books_id, book_title, isbn, thumbnail_image) values (4,4,2,'이것까지 자바다', '9788968481479', 'http://www.hanbit.co.kr/data/books/B1460673937_l.jpg');
insert into bookmark(id, users_id, books_id, book_title, isbn, thumbnail_image) values (5,1,6,'사람, 장소, 환대', '9788932027265','http://www.hanbit.co.kr/data/books/B1460673937_l.jpg');
insert into bookmark(id, users_id, books_id, book_title, isbn, thumbnail_image) values (6,12,1,'이것이 자바다', '9788968481475', 'http://www.hanbit.co.kr/data/books/B1460673937_l.jpg');
insert into bookmark(id, users_id, books_id, book_title, isbn, thumbnail_image) values (7,12,2,'이것도 자바다', '9788968481476', 'http://www.hanbit.co.kr/data/books/B1460673937_l.jpg');
insert into bookmark(id, users_id, books_id, book_title, isbn, thumbnail_image) values (8,12,3,'이것은 자바다', '9788968481477', 'http://www.hanbit.co.kr/data/books/B1460673937_l.jpg');
insert into bookmark(id, users_id, books_id, book_title, isbn, thumbnail_image) values (9,12,4,'이것만이 자바다', '9788968481478', 'http://www.hanbit.co.kr/data/books/B1460673937_l.jpg');
insert into bookmark(id, users_id, books_id, book_title, isbn, thumbnail_image) values (10,12,5,'이것까지 자바다', '9788968481479', 'http://www.hanbit.co.kr/data/books/B1460673937_l.jpg');
insert into bookmark(id, users_id, books_id, book_title, isbn, thumbnail_image) values (11,12,6,'사람, 장소, 환대', '9788932027265','http://www.hanbit.co.kr/data/books/B1460673937_l.jpg');
insert into bookmark(id, users_id, books_id, book_title, isbn, thumbnail_image) values (12,12,7,'사람, 장소, 환대1', '9788932027266','http://www.hanbit.co.kr/data/books/B1460673937_l.jpg');
insert into bookmark(id, users_id, books_id, book_title, isbn, thumbnail_image) values (13,12,8,'사람, 장소, 환대2', '9788932027267','http://www.hanbit.co.kr/data/books/B1460673937_l.jpg');
insert into bookmark(id, users_id, books_id, book_title, isbn, thumbnail_image) values (14,12,9,'사람, 장소, 환대3', '9788932027268','http://www.hanbit.co.kr/data/books/B1460673937_l.jpg');
insert into bookmark(id, users_id, books_id, book_title, isbn, thumbnail_image) values (15,12,10,'사람, 장소, 환대4', '9788932027269','http://www.hanbit.co.kr/data/books/B1460673937_l.jpg');
insert into bookmark(id, users_id, books_id, book_title, isbn, thumbnail_image) values (16,12,11,'사람, 장소, 환대5', '9788932027270','http://www.hanbit.co.kr/data/books/B1460673937_l.jpg');
